,Date,closingprice,closingpricemax20d,closingpriceavg20d,closingpricemin20d,closingpricemax52w,closingpriceavg52w,closingpricemin52w,closingpricemax5d,closingpriceavg5d,closingpricemin5d,relativeMA1M,MA3M,MA6M,MAweek,MAyear,tradingvolavg5d,vol120d,vol20d,vol52w,vol60d,riskfree,actualreturn
0,1999-12-31,14050,19200,16305,14000,68700,36837,6610,16100,15000,14050,0.08859300643792384,232.15,195.6,0.36,2620.41,7785646,0.0673,0.0738,0.0711,0.0785,4.79,-11.08
1,2000-01-31,9800,14700,11675,9200,68700,36359,6610,10000,9620,9200,0.2188103976199266,100.76,75.35,-8.41,460.49,4788780,0.0684,0.0602,0.066,0.0824,4.78,-28.99
2,2000-02-29,9960,12400,10974,9750,68700,34920,6610,11200,10572,9950,-0.08520127425427164,-44.13,111.26,0.1,517.95,5066556,0.0702,0.0638,0.0632,0.0655,5.07,-0.4
3,2000-03-31,8550,12850,10343,8550,68700,33362,6610,10100,9266,8550,-0.14285177813661795,-38.04,126.1,-14.16,266.29,1839118,0.0719,0.0582,0.0636,0.0598,5.05,-14.16
4,2000-04-30,6100,8630,6890,5410,68700,31807,5410,6700,6396,6080,-0.3606102635228849,-39.0,29.39,-12.86,108.15,1389528,0.0749,0.0757,0.066,0.0659,5.06,-38.26
5,2000-05-31,4580,6360,4824,3050,68700,28144,3050,4580,4078,3710,8.712903225806452,-54.02,-74.31,41.8,-6.2,3452268,0.0688,0.0834,0.0656,0.0724,5.12,-24.92
6,2000-06-30,4820,6150,4978,4200,68700,23849,3050,5100,4946,4820,39.419642857142854,-44.15,-65.07,1.15,-1.12,1539244,0.0696,0.0785,0.0685,0.0785,5.16,12.09
7,2000-07-31,4620,6400,5324,4580,57500,19351,3050,5020,4814,4580,1.3998845931909984,-24.26,-52.86,-3.75,-17.33,2106198,0.071,0.0681,0.0692,0.076,5.13,-4.15
8,2000-08-31,4400,4790,4469,4135,57500,15367,3050,4400,4223,4135,1.6375000000000002,-3.93,-55.82,4.64,-2.4,1278892,0.0662,0.0251,0.0681,0.0582,5.12,-4.76
9,2000-09-30,3290,4400,3615,2960,57500,12227,2960,3300,3202,3060,1.7573770491803276,-32.16,-64.12,11.15,-18.3,1601610,0.0662,0.0539,0.0695,0.0517,5.09,-20.72
10,2000-10-31,2650,3420,2927,2475,57500,8840,2475,2715,2630,2475,0.9328374535112667,-42.64,-56.56,-1.49,-45.71,988420,0.0617,0.0476,0.0688,0.0428,5.37,-19.45
11,2000-11-30,1975,2775,2405,1975,19200,7014,1975,2250,2104,1975,0.5982905982905983,-53.2,-54.07,-8.56,-88.92,1138888,0.0497,0.0307,0.0611,0.0439,5.32,-20.2
12,2000-12-31,1340,2140,1856,1340,15500,5950,1340,1960,1589,1340,0.6193939393939394,-56.21,-72.65,-31.63,-90.75,1690642,0.0471,0.0471,0.0595,0.0419,6.08,-37.96
13,2001-01-31,2980,3250,2516,1340,12850,5132,1340,3250,3054,2970,-0.17890501508837475,12.45,-35.5,-8.31,-69.59,4064246,0.0551,0.0855,0.0634,0.0654,5.27,122.39
14,2001-02-28,3155,3670,3140,2825,12850,4480,1340,3420,3284,3155,-0.6945379997071313,47.43,-25.06,-8.55,-68.29,3312612,0.0595,0.0621,0.0633,0.0713,5.06,4.47
15,2001-03-31,2640,2945,2723,2480,8550,3809,1340,2740,2649,2580,-1.3976372280651204,97.01,-19.76,1.54,-69.41,1081374,0.0581,0.039,0.0622,0.0682,4.96,-16.32
16,2001-04-30,2610,2610,2275,2030,6400,3446,1340,2610,2421,2305,0.21185107498689038,-12.12,5.45,3.98,-57.21,1339392,0.0601,0.0605,0.0607,0.0548,5.01,-1.14
17,2001-05-31,2675,2930,2629,2395,6400,3258,1340,2925,2819,2675,0.36571291175763404,-15.21,35.44,-8.7,-41.59,2544654,0.0607,0.0436,0.0571,0.0481,5.01,2.49
18,2001-06-30,2305,2670,2480,2275,6400,3054,1340,2355,2317,2275,0.20316371259767488,-10.66,72.01,-1.07,-52.47,526086,0.0559,0.0205,0.0529,0.0416,4.99,-17.97
19,2001-07-31,1905,2280,2003,1800,4895,2770,1340,1910,1860,1800,0.45958822528500937,-27.01,-36.07,2.97,-58.77,310526,0.0443,0.0456,0.051,0.0381,4.77,-17.35
20,2001-08-31,1730,2120,1987,1730,4215,2544,1340,1910,1862,1730,0.5822346736980883,-35.33,-45.17,-10.59,-60.68,871764,0.0428,0.0227,0.0517,0.0371,4.54,-9.19
21,2001-09-30,1340,1785,1454,1095,3670,2385,1095,1400,1323,1280,0.6977928692699491,-41.1,-48.76,7.63,-58.9,1242410,0.0479,0.0743,0.0534,0.0551,4.0,-29.29
22,2001-10-31,1650,1775,1539,1390,3670,2265,1095,1775,1670,1615,0.35479597244303124,-13.39,-36.78,0.61,-37.74,1572120,0.0463,0.0384,0.0531,0.0502,4.02,23.13
23,2001-11-30,1880,1925,1760,1625,3670,2203,1095,1925,1856,1775,-0.16632016632016633,0.8,-32.86,4.16,-4.81,2557438,0.0452,0.0353,0.0532,0.0522,4.04,14.98
24,2001-12-31,2120,2580,2127,1850,3670,2224,1095,2120,2041,1980,1.0,58.21,-6.81,3.92,58.21,2529798,0.0512,0.062,0.0539,0.045,4.01,19.44
25,2002-01-31,3780,3780,2607,2210,3780,2229,1095,3780,3290,2800,4.807821229050279,129.09,98.43,43.18,26.85,10137941,0.0526,0.058,0.0502,0.0539,3.98,78.3
26,2002-02-28,3680,3850,3441,2980,3850,2238,1095,3850,3767,3625,6.44951923076923,107.32,94.2,4.69,16.64,9746024,0.0557,0.0593,0.0497,0.0589,4.01,14.29
27,2002-03-31,2700,3720,3038,2700,3850,2263,1095,2950,2811,2700,5.8838709677419345,27.36,101.49,-10.0,4.65,2828265,0.0505,0.0434,0.0499,0.055,4.0,-26.63
28,2002-04-30,2020,2750,2387,2005,3850,2273,1095,2220,2087,2005,1.810703228659885,-40.94,23.55,-8.18,-22.61,1639776,0.0509,0.0354,0.0482,0.0479,4.04,-25.19
29,2002-05-31,2195,2640,2398,2185,3850,2253,1095,2350,2256,2195,2.249163879598662,-40.35,16.76,-9.11,-17.94,973135,0.0527,0.0358,0.0486,0.0394,4.28,8.66
30,2002-06-30,1870,2310,2086,1615,3850,2221,1095,2015,1822,1615,1.8044943820224717,-32.12,-11.79,-10.53,-17.8,670991,0.0512,0.0534,0.0506,0.0466,4.26,-17.98
31,2002-07-31,1945,2200,1993,1800,3850,2218,1095,1995,1926,1870,-1.7666666666666666,-3.71,-48.54,4.01,2.1,709630,0.0478,0.0441,0.0505,0.0444,4.27,4.01
32,2002-08-31,2160,2195,2016,1815,3850,2218,1095,2160,2103,2065,-0.21238938053097345,-3.36,-41.3,2.37,15.82,1450179,0.0413,0.0299,0.05,0.0432,4.28,8.27
33,2002-09-30,1595,2185,1887,1595,3850,2255,1390,1735,1698,1595,-0.7729900157645823,-14.71,-40.93,-9.89,19.03,903201,0.0413,0.0325,0.0464,0.0365,4.28,-26.16
34,2002-10-31,1745,1915,1721,1565,3850,2265,1565,1915,1818,1745,-1.784722222222222,-10.28,-13.61,-3.86,5.76,1137478,0.0388,0.0343,0.0458,0.0328,4.28,9.4
35,2002-11-30,1910,1965,1763,1620,3850,2267,1565,1965,1928,1910,-2.8288508557457215,-11.57,-13.96,8.83,4.09,3089071,0.0384,0.0309,0.0456,0.0331,4.28,2.69
36,2002-12-31,1740,2200,2016,1740,3850,2259,1565,1930,1823,1740,-0.5072544642857142,9.09,-6.95,-9.84,-17.92,1086863,0.0366,0.0455,0.0441,0.037,4.52,-8.9
37,2003-01-31,1800,2075,1910,1670,3850,2206,1565,1810,1755,1670,-0.029765674477517417,1.41,-9.77,-9.55,-47.37,1515051,0.0393,0.0556,0.0435,0.0454,4.34,3.45
38,2003-02-28,1685,1820,1744,1685,3720,2077,1565,1780,1714,1685,0.2215458402508762,-12.01,-18.4,-3.71,-54.21,419552,0.0384,0.0199,0.0405,0.0433,4.27,-4.26
39,2003-03-31,1400,1670,1419,1220,2800,1944,1220,1510,1425,1370,0.40581516095534786,-19.54,-12.23,-4.44,-48.15,866232,0.0427,0.0579,0.0417,0.0457,4.27,-16.91
40,2003-04-30,1640,1740,1665,1525,2640,1879,1220,1715,1664,1610,0.4726209463051569,-8.89,-7.61,-4.09,-18.81,1971212,0.0432,0.0328,0.0416,0.0413,4.26,8.61
41,2003-05-31,2140,2435,1999,1640,2435,1845,1220,2435,2261,2140,-6.352941176470588,27.0,12.04,0.94,-4.25,4716554,0.0472,0.0604,0.0429,0.0522,4.01,30.49
42,2003-06-30,1975,2185,2038,1900,2435,1843,1220,1995,1936,1900,5.4884135472370765,30.79,13.51,1.8,5.61,1039335,0.044,0.0188,0.0405,0.0415,4.1,-7.71
43,2003-07-31,1680,2145,1871,1680,2435,1834,1220,1800,1739,1680,-0.17914831130690162,2.44,-6.67,-2.04,-13.62,803135,0.0401,0.025,0.0392,0.0389,3.75,-14.94
44,2003-08-31,1650,1705,1636,1575,2435,1804,1220,1650,1615,1590,1.058873358746294,-25.0,-2.08,-0.6,-23.61,708739,0.0401,0.0236,0.0388,0.0222,3.72,-5.44
45,2003-09-30,1365,1710,1542,1360,2435,1775,1220,1450,1387,1360,2.1421636615811375,-30.89,-9.6,-5.86,-14.42,372232,0.0334,0.0247,0.0382,0.0236,3.77,-17.27
46,2003-10-31,1310,1500,1415,1310,2435,1749,1220,1400,1364,1310,0.8832731648616126,-22.02,-20.12,-5.76,-24.93,366447,0.0323,0.0253,0.0377,0.0241,3.84,-4.03
47,2003-11-30,1415,1500,1351,1280,2435,1716,1220,1415,1354,1290,0.4216775181922635,-11.01,-35.68,8.02,-26.11,718113,0.0248,0.0319,0.0378,0.0268,3.78,1.07
48,2003-12-31,1410,1585,1448,1350,2435,1669,1220,1410,1384,1350,-0.17395888244596733,3.3,-28.61,0.0,-18.97,531268,0.0262,0.0286,0.0364,0.0284,3.97,-0.35
49,2004-01-31,1310,1455,1368,1300,2435,1625,1220,1320,1312,1305,0.12196914033798677,-3.32,-22.94,-2.6,-27.22,313643,0.0252,0.0187,0.0332,0.0267,3.78,-7.09
50,2004-02-29,1125,1320,1192,1055,2435,1581,1055,1250,1158,1090,0.5635718509757539,-19.06,-29.91,6.64,-33.82,2768256,0.0311,0.0512,0.0357,0.0349,3.78,-14.45
51,2004-03-31,1070,1185,1092,1035,2435,1550,1035,1105,1074,1035,1.0229104794229953,-24.11,-21.61,0.94,-23.57,585113,0.0319,0.0241,0.0328,0.0351,3.74,-4.89
52,2004-04-30,1155,1290,1184,1060,2435,1510,1035,1290,1232,1155,0.40006763611768686,-11.83,-14.76,-7.6,-29.57,1158371,0.0351,0.0445,0.0336,0.0423,3.76,7.44
53,2004-05-31,955,1155,993,885,2185,1430,885,955,927,905,0.2728914574679429,-15.11,-32.51,3.24,-55.37,512490,0.0355,0.0344,0.0304,0.0365,3.77,-17.32
54,2004-06-30,975,1000,953,905,2145,1337,885,975,952,940,0.1836855619198104,-9.3,-30.85,2.63,-50.63,253245,0.0357,0.0294,0.031,0.0366,3.78,4.84
55,2004-07-31,970,1180,1025,960,1710,1262,885,1160,1063,970,0.37307871448532837,-16.02,-25.95,-17.8,-42.94,3316548,0.0398,0.047,0.0329,0.037,3.77,-0.51
56,2004-08-31,1065,1085,1032,960,1710,1208,885,1065,1056,1045,-0.3249647390691114,11.52,-5.33,1.43,-35.45,532975,0.0343,0.0192,0.0328,0.0327,3.52,9.79
57,2004-09-30,1005,1115,1051,980,1585,1171,885,1035,1001,980,-0.1167993932499052,3.08,-6.51,2.55,-26.37,453973,0.0339,0.0195,0.0325,0.0315,3.55,-4.74
58,2004-10-31,1035,1210,1058,1000,1585,1141,885,1200,1107,1035,-0.13850415512465375,3.5,-13.75,-14.46,-25.27,3147798,0.0338,0.0471,0.0344,0.0314,3.53,3.5
59,2004-11-30,1260,1780,1387,1095,1780,1142,885,1385,1307,1250,-1.7744292237442922,19.43,35.48,-3.45,-10.95,4766286,0.0429,0.0735,0.0391,0.0512,3.26,21.74
60,2004-12-31,1585,1700,1461,1230,1780,1143,885,1585,1536,1480,4.650282030620468,57.71,62.56,-2.16,12.41,10411610,0.0504,0.07,0.0431,0.064,3.29,25.79
61,2005-01-31,1600,1750,1637,1545,1780,1169,885,1615,1586,1545,2.465672990063234,54.59,64.95,0.63,22.14,3322206,0.0481,0.0299,0.0434,0.0603,3.26,0.95
62,2005-02-28,1660,1930,1638,1545,1930,1199,885,1710,1673,1645,0.689655172413793,32.8,55.87,-13.99,47.56,5050794,0.0514,0.0485,0.0433,0.0521,3.28,2.79
63,2005-03-31,1355,1815,1526,1335,1930,1238,885,1405,1372,1350,-0.5446696696696697,-14.51,34.83,1.5,26.64,959073,0.053,0.0344,0.0438,0.0388,3.26,-18.37
64,2005-04-30,1480,1480,1405,1335,1930,1256,885,1480,1426,1400,-0.35833690527218176,-8.36,43.0,10.45,23.33,2206354,0.0505,0.0283,0.0427,0.0383,3.29,9.23
65,2005-05-31,1450,1550,1429,1380,1930,1291,905,1450,1401,1380,-0.24406714258151652,-12.65,15.08,2.11,51.83,1011769,0.042,0.0232,0.0419,0.0275,3.29,-2.03
66,2005-06-30,2050,2050,1618,1420,2050,1348,930,2050,1937,1875,0.47025213132595683,51.85,29.34,16.15,110.26,3980216,0.0341,0.031,0.0423,0.0285,3.3,45.91
67,2005-07-31,2450,2530,2294,2090,2530,1454,930,2530,2460,2370,0.45200000000000007,65.54,51.7,9.13,145.0,2974018,0.0342,0.0293,0.0412,0.0285,3.27,23.43
68,2005-08-31,2610,2610,2400,2280,2610,1578,980,2610,2398,2295,0.5514579168677191,80.0,57.23,12.5,145.07,2064130,0.0313,0.0398,0.0423,0.0343,3.25,6.53
69,2005-09-30,4465,4465,3659,3030,4465,1788,1000,4465,4305,4190,0.34216335540838855,117.8,230.74,8.11,344.28,3006067,0.0334,0.04,0.0436,0.0375,3.28,89.6
70,2005-10-31,4110,4395,4132,3875,4465,2037,1025,4200,4083,3990,0.2280713564456412,67.76,177.7,-1.91,297.1,1207689,0.0344,0.0361,0.0429,0.0402,3.51,-7.95
71,2005-11-30,5660,5950,5166,4300,5950,2366,1230,5950,5756,5560,0.40187852581541195,140.34,302.85,0.71,349.21,2567080,0.0374,0.0405,0.0395,0.0372,3.5,41.85
72,2005-12-31,5020,5940,5391,4950,5950,2700,1335,5350,5084,4950,0.06235628297037739,13.83,152.9,-3.46,221.79,1460924,0.0373,0.0303,0.0355,0.0353,3.76,-11.93
73,2006-01-31,4750,5950,5086,3935,5950,2996,1335,4750,4388,4070,0.07908370581064608,15.57,93.88,16.71,196.88,1870006,0.0422,0.0571,0.0381,0.0429,3.76,-5.38
74,2006-02-28,4330,4400,4198,3960,5950,3182,1335,4400,4325,4250,-0.13752797811489678,-22.12,78.19,-1.25,160.84,919956,0.0401,0.033,0.0367,0.0418,3.99,-5.36
75,2006-03-31,3600,4085,3730,3260,5950,3377,1335,3600,3378,3260,-0.17075084500241428,-28.29,-19.37,4.35,165.68,1009704,0.0381,0.0262,0.0361,0.0389,3.97,-16.86
76,2006-04-30,3690,3775,3589,3310,5950,3542,1380,3690,3503,3310,-0.11823684049642355,-19.34,-7.52,7.74,163.57,1256622,0.0366,0.0285,0.0362,0.028,3.97,13.19
77,2006-05-31,3380,4230,3774,3300,5950,3736,1420,3555,3414,3300,-0.15607882193924735,-21.94,-40.28,-5.59,140.57,1049285,0.0373,0.0424,0.0375,0.0328,3.96,-8.4
78,2006-06-30,2830,3160,2765,2620,5950,3844,2090,2830,2709,2620,-0.40788436268068334,-15.52,-43.63,8.02,38.05,620377,0.0377,0.0411,0.0382,0.0379,4.21,-16.27
79,2006-07-31,2800,3105,2833,2695,5950,3893,2280,2800,2779,2750,-1.687893631910427,-24.12,-41.05,-0.18,14.29,556905,0.0336,0.0337,0.0384,0.0386,4.22,-1.06
80,2006-08-31,2810,2810,2571,2350,5950,3909,2350,2810,2641,2510,-2.2010443864229763,-16.86,-35.1,14.0,7.66,1481163,0.0334,0.0256,0.0375,0.0331,4.49,0.36
81,2006-09-30,3425,3480,3182,2790,5950,3874,2350,3425,3345,3250,-1.160250671441361,25.92,3.16,3.79,-22.34,1232132,0.0338,0.0271,0.0358,0.0288,4.48,32.24
82,2006-10-31,3515,3515,3210,2810,5950,3799,2350,3515,3383,3250,-1.7638121546961325,25.54,-4.74,6.84,-14.48,1085702,0.035,0.0389,0.0362,0.0308,4.48,2.63
83,2006-11-30,4150,4150,3656,3330,5950,3671,2350,4150,4020,3885,-2.0344827586206895,54.28,22.78,8.21,-26.68,1343874,0.0319,0.0335,0.0353,0.0329,4.49,22.42
84,2006-12-31,4200,4350,4111,3890,5950,3563,2350,4200,4093,3980,-1.5056105610561055,22.81,60.31,0.12,-15.15,654766,0.0308,0.0264,0.035,0.0329,4.6,3.7
85,2007-01-31,3445,4050,3739,3440,4400,3446,2350,3580,3528,3445,0.07244266472515472,-1.99,23.04,-4.31,-27.47,532278,0.0294,0.0216,0.0317,0.0278,4.61,-17.98
86,2007-02-28,3320,3740,3548,3320,4350,3393,2350,3580,3482,3320,0.7723960565795114,-18.02,27.45,-2.78,-23.33,719268,0.0289,0.022,0.031,0.0233,4.55,-5.68
87,2007-03-31,3905,3990,3439,3150,4350,3364,2350,3990,3698,3390,-0.4236572118286059,-7.02,14.01,14.68,16.57,1713250,0.0294,0.0321,0.0317,0.0261,4.63,17.62
88,2007-04-30,3555,4175,3905,3555,4350,3391,2350,3995,3760,3555,-0.23224043715846993,0.85,4.87,-9.66,-3.66,1201569,0.028,0.0304,0.0316,0.0286,4.88,-8.96
89,2007-05-31,3790,4000,3743,3455,4350,3390,2350,3810,3772,3710,1.167353668590272,14.16,-8.67,1.34,12.13,1140403,0.0271,0.0293,0.0303,0.03,4.56,6.61
90,2007-06-30,4250,4600,4039,3610,4600,3491,2350,4400,4303,4245,0.1159111111111111,6.52,1.19,-7.61,56.25,1414243,0.0291,0.0362,0.0297,0.0318,4.52,13.33
91,2007-07-31,4000,4430,4124,3890,4600,3601,2350,4200,4026,3890,0.2921138590760616,12.52,16.11,-5.66,42.86,1364177,0.0299,0.0273,0.0293,0.0314,4.76,-5.88
92,2007-08-31,3320,3820,3370,2870,4600,3674,2790,3320,3229,3170,-0.6831955922865014,-12.4,0.0,4.73,18.15,448559,0.0342,0.0452,0.0313,0.0377,4.98,-17.0
93,2007-09-30,3170,3425,3252,3085,4600,3687,2810,3170,3141,3085,3.823529411764706,-27.95,-14.32,0.63,-7.31,385882,0.0328,0.0229,0.0311,0.0338,4.98,-0.47
94,2007-10-31,2785,3190,2830,2555,4600,3653,2555,2785,2654,2580,1.462686567164179,-30.38,-21.66,9.0,-20.77,467833,0.0342,0.0366,0.0309,0.0364,5.02,-12.15
95,2007-11-30,2210,2650,2340,2090,4600,3540,2090,2210,2146,2115,0.6977540106951872,-32.62,-41.99,5.74,-46.75,339068,0.0337,0.0261,0.0304,0.0294,5.02,-16.13
96,2007-12-31,2175,2375,2252,2120,4600,3402,2090,2190,2164,2120,0.6511097282721428,-31.39,-50.57,0.23,-48.21,445364,0.0318,0.0265,0.0304,0.0298,5.02,2.59
97,2008-01-31,1935,2525,2196,1930,4600,3262,1930,2120,2000,1930,0.6963267168605978,-30.52,-51.63,-4.91,-43.83,281067,0.0347,0.0438,0.0324,0.0337,4.96,-11.03
98,2008-02-29,1905,2055,1966,1895,4600,3145,1895,1960,1922,1895,0.2576255279211638,-10.98,-39.91,-3.3,-42.62,272713,0.0307,0.0202,0.0324,0.0324,4.94,-4.51
99,2008-03-31,1860,1910,1837,1760,4600,3008,1760,1875,1853,1830,0.2764941760549933,-14.48,-41.32,1.36,-52.37,219551,0.0301,0.018,0.0314,0.0293,4.98,-2.36
100,2008-04-30,1900,1925,1845,1785,4600,2831,1760,1925,1899,1875,0.033297529538131046,-1.55,-27.89,-0.78,-46.55,356962,0.0271,0.0173,0.0306,0.0182,4.95,1.6
101,2008-05-31,2060,2230,2046,1895,4600,2697,1760,2060,1967,1910,-0.1772262138036142,8.14,-6.79,-1.9,-45.93,561136,0.0293,0.0378,0.0314,0.0257,5.04,8.42
102,2008-06-30,1670,2025,1833,1670,4435,2511,1670,1800,1755,1670,0.17624773513424474,-10.7,-23.22,-8.24,-60.71,223388,0.0286,0.0241,0.0305,0.028,5.01,-18.93
103,2008-07-31,1410,1460,1374,1270,3850,2265,1270,1430,1412,1385,0.3983011583011583,-25.79,-27.13,-3.42,-64.75,180074,0.0286,0.0357,0.0318,0.0366,5.03,-15.57
104,2008-08-31,1375,1650,1493,1360,3425,2108,1270,1420,1392,1360,0.5176616036736136,-29.31,-27.82,-2.83,-56.62,255300,0.0338,0.0488,0.0321,0.0399,5.25,-0.72
105,2008-09-30,1350,1400,1315,1155,3310,1952,1155,1400,1371,1345,0.3337397665911862,-19.16,-27.81,-0.37,-57.41,295239,0.0387,0.0431,0.0344,0.0449,5.22,-1.82
106,2008-10-31,880,1285,996,685,2700,1788,685,880,778,685,0.5495614035087719,-37.59,-53.68,22.22,-68.4,584851,0.0517,0.0869,0.041,0.0645,4.14,-34.81
107,2008-11-30,815,1005,867,735,2525,1665,685,815,789,760,0.650909681611436,-40.07,-57.33,2.52,-61.56,282162,0.0556,0.0635,0.044,0.0663,3.99,7.24
108,2008-12-31,820,925,852,775,2525,1548,685,860,832,820,0.6301765650080257,-39.26,-50.9,-4.65,-62.3,269919,0.0556,0.0341,0.0444,0.0639,3.02,0.61
109,2009-01-31,905,1040,925,820,2230,1443,685,915,900,875,-0.15778572773488986,8.38,-36.27,3.43,-53.11,318777,0.0573,0.0485,0.0448,0.0495,2.41,10.37
110,2009-02-28,825,975,905,810,2230,1364,685,865,831,810,-0.03276656039674106,1.85,-41.49,-2.37,-56.46,195041,0.054,0.0314,0.045,0.0384,1.87,-5.71
111,2009-03-31,915,970,884,795,2230,1276,685,970,934,895,-0.22810470379846487,11.59,-32.22,-2.66,-50.81,476678,0.0523,0.0277,0.0457,0.0374,1.73,10.91
112,2009-04-30,1335,1380,1243,960,2230,1223,685,1335,1294,1220,-1.597511768661735,47.51,59.88,-2.91,-29.74,1085745,0.0426,0.0528,0.048,0.0395,1.85,49.16
113,2009-05-31,1225,1445,1326,1195,2060,1171,685,1275,1225,1195,-1.3095623987034033,48.48,50.31,-5.41,-37.02,514567,0.0388,0.0309,0.0476,0.0384,1.96,-5.04
114,2009-06-30,1140,1280,1209,1135,1650,1118,685,1175,1155,1135,-0.8623188405797102,27.37,39.02,-0.87,-31.74,164278,0.0374,0.021,0.0472,0.0378,1.96,-6.94
115,2009-07-31,1365,1365,1226,1140,1650,1103,685,1365,1282,1235,-0.7053291536050157,2.25,50.83,8.33,-3.19,573199,0.0337,0.0294,0.0463,0.0271,1.95,19.74
116,2009-08-31,1610,1610,1435,1305,1610,1100,685,1610,1486,1420,1.8390871854885897,31.43,95.15,7.33,17.09,1418838,0.0356,0.0446,0.0459,0.0331,1.99,17.95
117,2009-09-30,1545,1860,1700,1515,1860,1134,685,1565,1550,1515,2.460526315789474,35.53,72.63,-3.74,14.44,380387,0.0343,0.0286,0.0446,0.036,2.0,1.98
118,2009-10-31,1320,1595,1483,1320,1860,1171,735,1450,1369,1320,0.0678374655647383,3.94,-1.12,-9.9,58.08,357217,0.0305,0.0258,0.0381,0.035,2.01,-14.56
119,2009-11-30,1390,1465,1355,1290,1860,1212,770,1455,1408,1360,-0.11693834160170093,-8.25,13.47,-5.12,70.55,321043,0.0312,0.0272,0.0345,0.0273,2.01,5.3
120,2009-12-31,1470,1610,1537,1455,1860,1268,770,1515,1481,1455,-0.061183297590513434,-4.85,28.95,-2.97,79.27,311966,0.0309,0.0234,0.0338,0.0253,2.01,5.76
121,2010-01-31,1460,1695,1564,1460,1860,1315,770,1640,1554,1460,0.163773706203793,10.19,18.22,-12.05,62.22,764953,0.0305,0.0269,0.0318,0.0255,2.0,0.34
122,2010-02-28,1460,1500,1428,1355,1860,1355,770,1460,1429,1410,0.021682242990654205,1.74,0.34,5.8,80.25,182457,0.0258,0.0253,0.0313,0.0241,2.01,-8.75
123,2010-03-31,1575,1665,1534,1440,1860,1414,955,1665,1610,1575,0.09898793844447526,7.14,1.94,-1.87,72.13,1144484,0.0247,0.0237,0.0309,0.0242,2.0,7.88
124,2010-04-30,2290,2530,1985,1560,2530,1478,1135,2380,2323,2280,0.7946603298853787,56.85,73.48,1.78,71.54,11067306,0.0341,0.0628,0.0323,0.0412,2.0,44.48
125,2010-05-31,3140,3430,2996,2290,3430,1606,1135,3140,3038,2815,0.7360711315806306,115.07,125.9,1.45,156.33,14696551,0.0477,0.087,0.0395,0.0628,2.0,37.12
126,2010-06-30,2670,2915,2682,2550,3430,1732,1140,2750,2638,2550,0.5100216079278742,68.45,81.63,1.91,134.21,4397725,0.0488,0.028,0.0401,0.0644,2.03,-12.6
127,2010-07-31,1955,2420,2311,1955,3430,1829,1290,2300,2192,1955,-0.271227289581016,-14.63,33.9,-10.32,53.94,2180002,0.0505,0.039,0.0414,0.0552,2.28,-26.78
128,2010-08-31,2130,2280,2084,1900,3430,1886,1290,2230,2178,2120,-0.9959752321981425,-32.17,45.89,-3.18,32.3,2830161,0.0529,0.0419,0.041,0.0378,2.28,8.95
129,2010-09-30,2330,2490,2333,2130,3430,1937,1290,2385,2354,2325,-0.2505412320409368,-12.73,47.0,2.42,50.81,1326657,0.0533,0.0326,0.041,0.0379,2.27,4.48
130,2010-10-31,2400,2650,2384,2230,3430,2010,1290,2650,2515,2400,0.05361765068408727,4.35,5.26,-0.83,81.13,4717130,0.0458,0.0349,0.0413,0.0355,2.26,2.35
131,2010-11-30,2195,2760,2452,2150,3430,2107,1355,2295,2222,2150,-0.02711103436366776,-1.57,-28.15,-7.77,57.91,945890,0.0347,0.0314,0.0417,0.0314,2.51,-8.54
132,2010-12-31,2155,2255,2186,2120,3430,2163,1355,2205,2154,2120,-0.1611587982832618,-7.51,-19.29,-2.27,46.6,446468,0.0339,0.0192,0.0415,0.0293,2.51,-1.82
133,2011-01-31,1990,2285,2175,1990,3430,2211,1355,2140,2067,1990,-0.47052341597796143,-17.08,1.79,-7.44,36.3,633223,0.0301,0.0159,0.041,0.0229,2.75,-7.66
134,2011-02-28,1585,2070,1848,1585,3430,2244,1440,1750,1668,1585,-3.0700934579439254,-26.28,-28.76,-12.43,8.56,606616,0.0265,0.0243,0.0414,0.0204,2.76,-21.53
135,2011-03-31,1690,1725,1621,1500,3430,2252,1500,1690,1618,1575,-2.9561643835616436,-21.58,-27.47,4.0,7.3,570049,0.0276,0.0317,0.0419,0.0259,2.99,6.62
136,2011-04-30,1430,1745,1597,1430,3430,2224,1430,1525,1483,1430,0.783530042918455,-29.21,-40.42,-7.14,-37.28,441279,0.0248,0.019,0.0381,0.0266,3.02,-9.21
137,2011-05-31,1280,1450,1353,1270,2990,2092,1270,1305,1288,1270,0.32478055367994596,-19.24,-41.69,-1.92,-59.24,351856,0.0225,0.0187,0.0294,0.0221,3.03,-10.49
138,2011-06-30,1650,1650,1322,1200,2760,1977,1200,1650,1573,1470,-0.040314136125654446,1.54,-23.43,28.91,-38.2,3054502,0.0283,0.0446,0.0311,0.0309,3.28,29.92
139,2011-07-31,1520,1685,1592,1520,2760,1914,1200,1590,1564,1520,-0.18549100560306697,6.29,-24.75,-2.56,-33.91,485781,0.03,0.0281,0.0312,0.0329,3.27,-1.94
140,2011-08-31,1405,1435,1325,1155,2760,1848,1155,1405,1352,1300,-0.28701527614571093,9.77,-11.36,8.08,-34.04,335515,0.0335,0.0486,0.0305,0.0418,3.27,-7.57
141,2011-09-30,1140,1380,1263,1065,2760,1764,1065,1140,1099,1065,0.6052476992363423,-30.91,-29.85,-5.0,-51.07,354006,0.035,0.0371,0.031,0.0389,3.28,-18.57
142,2011-10-31,1275,1290,1169,1045,2760,1664,1045,1290,1243,1190,0.3438566552901024,-16.12,-10.84,4.94,-46.88,441743,0.0366,0.0319,0.0309,0.0397,3.26,11.84
143,2011-11-30,1185,1275,1215,1140,2285,1555,1045,1185,1165,1140,0.3338404694631602,-15.36,-6.69,2.6,-46.01,194776,0.0364,0.0201,0.03,0.0307,3.27,-6.32
144,2011-12-31,1500,1560,1309,1175,2285,1480,1045,1560,1508,1435,-1.0887928167608913,32.74,-3.23,20.0,-30.07,4717015,0.0373,0.049,0.0327,0.0343,3.29,28.21
145,2012-01-31,1500,1660,1557,1490,2010,1424,1045,1520,1509,1500,-0.7168968318440292,17.65,-1.32,0.67,-24.62,395010,0.0355,0.0206,0.033,0.0329,3.27,0.0
146,2012-02-29,1655,1910,1766,1650,1910,1425,1045,1815,1735,1650,9.377828054298643,41.45,22.59,-8.06,4.42,1734454,0.0357,0.0462,0.0344,0.0403,3.26,8.88
147,2012-03-31,1615,1710,1641,1565,1910,1428,1045,1680,1633,1585,-12.370967741935484,7.67,41.67,0.94,-0.62,534776,0.0326,0.0205,0.0337,0.031,3.24,-2.42
148,2012-04-30,1365,1600,1435,1340,1910,1413,1045,1430,1384,1350,2.10989010989011,-9.6,7.91,-4.88,-4.55,179356,0.033,0.029,0.0343,0.027,3.26,-15.48
149,2012-05-31,1985,1985,1675,1410,1985,1438,1045,1985,1894,1845,0.3620188816267248,19.94,67.51,7.59,55.08,1171266,0.0352,0.0324,0.0353,0.0296,3.27,45.42
150,2012-06-30,1960,1995,1916,1825,1995,1487,1045,1960,1891,1825,0.6831758034026465,18.07,30.67,4.53,26.45,907222,0.0307,0.025,0.0339,0.0306,3.26,6.23
151,2012-07-31,2120,2280,2121,1980,2280,1532,1045,2120,2040,1980,1.401317456295921,55.31,41.33,-0.47,39.47,800824,0.0302,0.0367,0.0343,0.0323,3.02,8.16
152,2012-08-31,2370,2390,2237,2060,2390,1610,1045,2385,2356,2300,0.28246942341292947,19.4,43.2,-0.84,68.68,910557,0.0288,0.0223,0.032,0.0282,3.01,11.79
153,2012-09-30,3180,3185,2629,2205,3185,1714,1045,3185,3098,2965,0.3579510388808887,69.6,89.29,5.82,194.44,1908016,0.0309,0.0351,0.0317,0.0313,3.01,38.26
154,2012-10-31,2875,3450,3024,2635,3450,1872,1140,2910,2799,2635,0.28376763088692325,35.61,110.62,5.7,125.49,1392162,0.033,0.0413,0.0328,0.035,2.75,-9.59
155,2012-11-30,3035,3195,2990,2720,3450,2027,1175,3150,3082,3035,0.18146297719702792,28.33,56.04,-5.01,156.12,939310,0.0341,0.0391,0.034,0.0394,2.77,4.3
156,2012-12-31,3715,4345,3633,2950,4345,2206,1340,3975,3815,3715,0.1217605327928189,16.82,98.13,-6.54,138.14,3143199,0.0402,0.0594,0.0355,0.047,2.77,19.84
157,2013-01-31,3430,4000,3569,3280,4345,2384,1340,3430,3360,3280,0.14999611409030855,19.3,61.79,1.78,128.67,1527094,0.0414,0.04,0.0368,0.0473,2.76,-7.67
158,2013-02-28,3510,3700,3496,3315,4345,2523,1340,3510,3437,3325,0.1173600638694225,13.23,52.61,1.59,112.73,793796,0.0415,0.0235,0.0352,0.0439,2.76,4.62
159,2013-03-31,4305,4305,3840,3450,4345,2700,1340,4305,4140,3930,0.0996611020459395,15.88,35.38,7.76,159.34,1702463,0.0402,0.0301,0.0358,0.0321,2.75,22.65
160,2013-04-30,3805,4400,3960,3745,4400,2920,1400,3940,3891,3805,0.06847552447552448,12.24,30.76,-1.93,178.75,777436,0.0385,0.0272,0.0356,0.0275,2.78,-11.61
161,2013-05-31,4410,4805,4422,3880,4805,3151,1825,4650,4524,4410,0.20987149054596055,25.64,45.3,-6.37,122.17,712180,0.0362,0.0234,0.0348,0.0274,2.5,15.9
162,2013-06-30,3960,4450,3957,3550,4805,3305,1920,3960,3754,3550,-0.06528776978417265,-7.26,6.59,5.88,111.2,346640,0.0302,0.0329,0.0354,0.0284,2.5,-13.91
163,2013-07-31,3620,3900,3728,3445,4805,3456,2060,3680,3571,3445,-0.06869257950530036,-4.86,5.54,1.4,70.75,646427,0.0284,0.0296,0.035,0.0296,2.53,-8.59
164,2013-08-31,3190,3510,3290,3030,4805,3547,2205,3190,3133,3095,-0.8070527522935779,-28.15,-9.12,0.79,34.88,371425,0.0301,0.0344,0.0358,0.0312,2.51,-13.32
165,2013-09-30,3320,3575,3400,3095,4805,3618,2635,3515,3443,3320,-3.6727272727272724,-16.16,-22.88,-2.78,4.4,371237,0.0293,0.0251,0.0351,0.0301,2.5,4.08
166,2013-10-31,3185,3280,3180,3045,4805,3631,2720,3255,3224,3185,-1.1150278293135436,-12.02,-16.29,-1.09,10.78,335209,0.0277,0.0149,0.0332,0.0258,2.52,-4.07
167,2013-11-30,2810,3190,2838,2685,4805,3620,2685,2810,2791,2765,1.0501710376282785,-9.21,-37.83,1.81,-8.77,280415,0.0266,0.0232,0.0321,0.0212,2.5,-12.05
168,2013-12-31,2570,2760,2494,2345,4805,3526,2345,2570,2499,2460,0.7329656067488644,-22.59,-35.1,2.8,-30.82,217908,0.0256,0.0263,0.0282,0.0217,2.52,-8.54
169,2014-01-31,2990,3025,2874,2600,4805,3465,2345,2990,2947,2885,0.6050895381715363,-6.42,-13.21,3.64,-10.61,391956,0.0254,0.0261,0.0268,0.0255,2.51,21.54
170,2014-02-28,3045,3240,3119,2935,4805,3435,2345,3090,3047,2935,-0.630943396226415,8.36,-1.77,2.18,-13.25,280631,0.023,0.0216,0.0267,0.0248,2.49,4.64
171,2014-03-31,3020,3060,2932,2800,4805,3360,2345,3020,2924,2870,-0.5865996649916249,17.51,-9.04,4.14,-29.85,201313,0.0222,0.019,0.0256,0.0223,2.49,-0.82
172,2014-04-30,2940,3215,3008,2900,4805,3271,2345,3050,2965,2900,0.07347118345798503,-1.67,-9.54,-6.52,-22.73,361229,0.0227,0.0194,0.025,0.0189,2.5,0.51
173,2014-05-31,2860,2940,2837,2785,4450,3146,2345,2910,2871,2845,0.17083450407417813,-6.08,1.78,-0.35,-35.59,135674,0.0209,0.0115,0.0243,0.0167,2.49,-2.72
174,2014-06-30,2775,3010,2877,2720,3900,3059,2345,2860,2769,2720,0.1714572192513369,-5.13,7.98,-3.65,-29.92,226522,0.0193,0.0165,0.0229,0.0158,2.49,-2.97
175,2014-07-31,2415,2740,2574,2415,3575,2953,2345,2575,2486,2415,0.5364974466806849,-17.86,-19.23,-5.11,-33.29,196279,0.017,0.0166,0.0217,0.0146,2.49,-12.97
176,2014-08-31,2395,2730,2540,2390,3575,2891,2345,2450,2426,2395,0.7316534040671971,-16.55,-21.35,-7.17,-22.62,290247,0.0202,0.0336,0.0216,0.0233,2.24,-3.23
177,2014-09-30,2870,2870,2479,2320,3280,2818,2320,2870,2767,2620,-0.2523985239852398,3.42,-1.88,16.43,-13.55,1271592,0.0235,0.0337,0.0226,0.0293,2.24,19.83
178,2014-10-31,2335,2980,2528,2335,3240,2763,2320,2435,2367,2335,0.12401648557512177,-3.31,-20.58,-2.71,-26.69,309417,0.0254,0.0303,0.0239,0.0329,1.97,-18.64
179,2014-11-30,2400,2525,2393,2200,3240,2726,2200,2525,2451,2400,0.07059629883481837,-1.03,-17.53,-4.0,-14.59,323715,0.0269,0.0242,0.0239,0.0301,1.99,2.56
180,2014-12-31,2300,2485,2360,2220,3240,2714,2200,2360,2339,2300,1.8896289248334919,-19.86,-17.12,-2.54,-10.51,181257,0.0275,0.0188,0.0236,0.0246,2.03,-4.17
181,2015-01-31,2290,2335,2288,2240,3240,2664,2200,2330,2283,2245,0.1443827424177702,-3.38,-6.72,2.23,-23.41,238742,0.0275,0.0163,0.0228,0.0209,2.0,-0.43
182,2015-02-28,2350,2380,2308,2095,3215,2604,2095,2350,2327,2310,0.1290187891440501,-3.09,-4.08,2.84,-23.95,338757,0.0267,0.0301,0.0235,0.023,1.99,3.98
183,2015-03-31,3390,3400,2789,2450,3400,2587,2095,3400,3356,3285,3.8685714285714288,47.39,18.12,9.18,12.25,5214504,0.0292,0.043,0.0265,0.0326,1.74,44.26
184,2015-04-30,3800,3800,3563,3350,3800,2636,2095,3800,3662,3530,2.2543589743589743,65.94,60.34,9.67,29.25,1178087,0.0294,0.0325,0.0275,0.0357,1.74,14.11
185,2015-05-31,4200,4200,3822,3450,4200,2710,2095,4200,4107,4030,1.6987483815278375,78.72,75.0,2.56,46.34,1380729,0.0332,0.0463,0.0302,0.0405,1.74,12.15
186,2015-06-30,3880,4030,3791,3550,4200,2795,2095,3880,3832,3640,0.41486690105474633,16.52,68.7,5.29,39.82,309835,0.0336,0.0233,0.0305,0.0351,1.5,-7.62
187,2015-07-31,4945,5820,4323,3880,5820,2951,2095,5820,5307,4945,0.20336772204434955,17.15,94.4,-11.7,84.33,3487261,0.0441,0.0736,0.0364,0.0504,1.5,14.73
188,2015-08-31,4525,5270,4463,3650,5820,3107,2095,4535,4118,3695,-0.042944785276073615,-3.01,73.34,23.97,70.09,241255,0.0465,0.0475,0.0377,0.0517,1.52,-8.49
189,2015-09-30,4650,4760,4583,4230,5820,3274,2095,4760,4658,4560,0.17204535542956825,7.89,25.71,1.97,45.86,318599,0.0448,0.0325,0.0375,0.0533,1.49,2.54
190,2015-10-31,4200,4860,4515,4200,5820,3439,2095,4415,4302,4200,-0.26877204770703844,-16.0,-0.5,-4.55,59.53,110949,0.0429,0.0135,0.0366,0.034,1.5,-9.68
191,2015-11-30,3700,4315,3889,3655,5820,3567,2095,3720,3698,3655,-0.4746068574374839,-18.41,-20.69,-1.33,38.79,69317,0.0402,0.0222,0.0366,0.0198,1.5,-11.9
192,2015-12-31,3440,3750,3484,3180,5820,3663,2095,3540,3496,3440,-0.7511547344110854,-26.02,-20.19,-2.27,34.64,40872,0.0401,0.0207,0.0366,0.019,1.52,-7.03
193,2016-01-31,3310,3510,3414,3310,5820,3754,2095,3450,3371,3310,-0.7642762284196547,-23.02,-36.71,-2.93,30.12,82032,0.027,0.0146,0.0365,0.0191,1.5,-5.29
194,2016-02-29,2820,3315,2807,2480,5820,3786,2355,2820,2684,2580,-3.0124533001245335,-24.19,-37.82,3.87,8.03,346131,0.0246,0.0384,0.0372,0.0262,1.52,-14.8
195,2016-03-31,2905,3000,2877,2795,5820,3796,2480,2925,2873,2800,0.6802274715660543,-15.55,-37.53,-2.84,-22.86,558455,0.0227,0.0188,0.0352,0.026,1.53,3.01
196,2016-04-30,2970,3120,2931,2770,5820,3748,2480,3120,3023,2970,0.3589653967144355,-10.27,-30.93,-3.73,-28.61,152364,0.0233,0.0188,0.0344,0.0269,1.5,5.51
197,2016-05-31,3185,3260,3061,2870,5820,3687,2480,3185,3117,3075,-0.40781594705326185,12.94,-13.92,3.58,-31.73,111720,0.0244,0.0287,0.0328,0.0222,1.48,7.24
198,2016-06-30,2835,3355,3035,2650,5820,3621,2480,2875,2763,2650,0.08503798947983636,-2.91,-17.59,-1.73,-34.22,178436,0.026,0.0306,0.0333,0.0259,1.23,-9.71
199,2016-07-31,2790,2875,2803,2765,5270,3502,2480,2800,2789,2770,0.12990353697749196,-6.06,-15.71,-0.71,-46.65,93447,0.0253,0.0095,0.0264,0.0246,1.24,-2.96
200,2016-08-31,2565,2860,2777,2565,4860,3348,2480,2795,2692,2565,0.44954975756176396,-19.47,-9.04,-7.9,-43.31,173134,0.021,0.0127,0.023,0.0178,1.25,-8.06
201,2016-09-30,2725,2765,2657,2550,4860,3195,2480,2765,2726,2700,0.09371980676328502,-3.88,-6.68,0.93,-41.4,90896,0.0203,0.0161,0.0216,0.0124,1.26,2.83
202,2016-10-31,2690,3065,2858,2690,4315,3053,2480,2745,2724,2690,0.0995827538247566,-3.58,-9.43,-2.36,-35.95,96905,0.0231,0.0333,0.0231,0.022,1.24,-1.28
203,2016-11-30,2690,2725,2615,2495,3750,2941,2480,2695,2647,2580,-0.05531135531135531,1.51,-14.33,1.7,-27.3,103968,0.0213,0.0177,0.023,0.0242,1.23,-1.47
204,2016-12-31,2775,2830,2739,2610,3510,2878,2480,2805,2782,2760,-0.017475728155339803,0.36,-3.48,-1.94,-20.6,81007,0.019,0.0132,0.0226,0.0197,1.27,2.97
205,2017-01-31,2680,2900,2759,2645,3355,2822,2480,2690,2672,2645,0.019442984760903833,-0.37,-3.94,1.32,-19.03,53616,0.0197,0.0144,0.0226,0.0155,1.25,-3.42
206,2017-02-28,2655,2760,2674,2620,3355,2815,2495,2740,2696,2655,-2.947368421052632,-0.56,-4.15,-3.8,0.19,31230,0.0192,0.0092,0.0199,0.0124,1.26,-1.3
207,2017-03-31,2515,2625,2569,2485,3355,2788,2485,2560,2542,2515,0.6976917349218168,-9.37,-7.71,-1.37,-13.43,47255,0.0151,0.0102,0.0195,0.0103,1.27,-5.27
208,2017-04-30,2500,2515,2460,2385,3355,2751,2385,2515,2485,2435,0.41676505312868944,-7.06,-8.42,1.01,-16.94,39025,0.0133,0.0125,0.019,0.0108,1.21,-1.96
209,2017-05-31,2555,2600,2535,2490,3355,2709,2385,2585,2567,2555,0.19059656218402427,-3.77,-5.02,-1.54,-19.78,32607,0.0113,0.0063,0.0174,0.01,1.26,2.2
210,2017-06-30,2535,2685,2599,2535,3065,2671,2385,2565,2544,2535,-0.03780718336483932,0.4,-8.65,-0.98,-10.58,40508,0.0109,0.0143,0.0156,0.0113,1.29,-1.17
211,2017-07-31,2420,2555,2491,2420,3065,2644,2385,2505,2470,2420,0.2413273001508296,-3.2,-9.7,-3.59,-13.26,54034,0.0111,0.0124,0.0158,0.0115,1.24,-4.54
212,2017-08-31,2410,2445,2376,2280,3065,2609,2280,2445,2426,2400,0.9403973509933774,-5.68,-9.23,2.99,-6.04,49944,0.0121,0.0161,0.016,0.0142,1.27,-0.41
213,2017-09-30,2220,2460,2337,2185,3065,2583,2185,2225,2212,2185,0.6823947234906138,-13.45,-13.28,-0.22,-19.71,65126,0.0126,0.0104,0.0158,0.0136,1.27,-9.02
214,2017-10-31,2290,2290,2229,2175,2900,2537,2175,2290,2263,2245,0.3611297915265636,-5.37,-8.4,2.0,-14.87,44021,0.0121,0.0089,0.0131,0.0129,1.26,3.15
215,2017-11-30,2210,2295,2252,2210,2900,2505,2175,2260,2232,2210,0.5179372197309418,-9.24,-13.84,-2.0,-17.84,29373,0.0121,0.0065,0.0117,0.0097,1.53,-3.28
216,2017-12-31,2050,2210,2106,2045,2900,2455,2045,2065,2058,2050,0.29234769687964335,-7.87,-19.61,-0.73,-26.92,85308,0.0115,0.011,0.0114,0.0091,1.58,-8.07
217,2018-01-31,2100,2150,2043,1990,2760,2392,1990,2150,2123,2100,0.3835489833641405,-8.3,-13.22,1.45,-21.64,89695,0.0112,0.0098,0.0111,0.0096,1.54,2.44
218,2018-02-28,2050,2195,2082,2025,2685,2345,1990,2060,2047,2025,0.3541026766125494,-8.07,-16.16,0.24,-22.79,77023,0.0112,0.0164,0.0117,0.0126,1.51,-3.07
219,2018-03-31,2395,2725,2510,2035,2725,2338,1990,2430,2398,2350,-3.267961165048543,16.83,7.88,-1.03,-5.15,215885,0.0301,0.0701,0.0229,0.0415,1.54,16.83
220,2018-04-30,2600,2630,2450,2340,2725,2337,1990,2600,2513,2475,5.445,21.78,13.79,2.77,4.0,196455,0.0314,0.0241,0.0236,0.0434,1.51,8.56
221,2018-05-31,2655,3090,2719,2495,3090,2352,1990,2705,2609,2495,7.547314578005115,29.51,20.14,-0.38,3.91,272088,0.0367,0.0479,0.0271,0.0502,1.55,2.12
222,2018-06-30,2140,2900,2597,2100,3090,2351,1990,2480,2280,2100,0.5395292697646349,-8.94,4.39,-15.42,-16.57,358914,0.0404,0.0436,0.0295,0.0394,1.57,-18.01
223,2018-07-31,2110,2190,2117,2035,3090,2316,1990,2155,2121,2070,1.4715066354410617,-18.85,0.48,1.69,-12.81,87950,0.0408,0.0185,0.0298,0.0384,1.52,-1.4
224,2018-08-31,1800,2195,2063,1800,3090,2288,1800,1875,1826,1800,1.272224417226393,-32.2,-12.2,-15.09,-25.31,411922,0.0317,0.0289,0.0307,0.0293,1.55,-14.69
225,2018-09-30,1700,1975,1866,1700,3090,2254,1700,1975,1869,1700,0.45913218970736625,-4.55,-16.48,4.4,-9.91,408253,0.0319,0.0151,0.0309,0.0219,1.65,10.44
226,2018-10-31,1220,1640,1400,1065,3090,2183,1065,1295,1188,1065,0.8558364712210866,-31.82,-44.67,-5.06,-37.18,263777,0.0364,0.0493,0.0338,0.0346,1.57,-28.24
227,2018-11-30,1280,1635,1338,1180,3090,2099,1065,1345,1305,1280,0.5528224534847052,-17.53,-41.5,-3.76,-31.71,513828,0.0408,0.069,0.039,0.0499,1.76,14.29
228,2018-12-31,1325,1510,1361,1280,3090,2042,1065,1365,1326,1305,0.9272803699033207,-22.06,-25.6,-2.93,-23.79,341614,0.0398,0.0307,0.0398,0.052,1.89,1.53
229,2019-01-31,1515,1530,1456,1300,3090,1988,1065,1530,1509,1475,-1.6184738955823295,24.18,-15.34,0.33,-14.94,269679,0.0401,0.019,0.0402,0.0446,1.81,14.34
230,2019-02-28,1440,1625,1537,1440,3090,1950,1065,1535,1508,1440,-0.6018626309662398,10.34,-6.45,-5.88,-17.18,178820,0.0393,0.0236,0.0405,0.0249,1.8,-5.88
231,2019-03-31,1360,1485,1406,1305,3090,1861,1065,1370,1348,1305,-0.08312342569269521,2.64,-20.0,0.37,-31.76,136178,0.0397,0.0215,0.0358,0.0217,1.81,-5.56
232,2019-04-30,1420,1525,1452,1415,3090,1770,1065,1475,1434,1415,0.15870786516853932,-5.65,26.79,-5.33,-35.6,121939,0.0345,0.0152,0.0354,0.02,1.79,4.41
233,2019-05-31,1375,1455,1379,1310,2900,1659,1065,1395,1360,1310,0.11581920903954802,-4.51,7.42,4.96,-38.94,116513,0.0224,0.0223,0.0333,0.0202,1.79,-3.17
234,2019-06-30,1455,1480,1422,1370,2195,1570,1065,1480,1456,1420,-0.44699453551912566,8.18,9.81,2.46,-18.3,380179,0.0201,0.0174,0.0313,0.0185,1.83,4.3
235,2019-07-31,1280,1485,1372,1250,2195,1502,1065,1345,1298,1250,0.34632946961714084,-9.86,-15.51,-7.25,-28.47,207947,0.0216,0.0253,0.0318,0.0226,1.56,-12.03
236,2019-08-31,1245,1295,1227,1125,1975,1429,1065,1245,1227,1195,0.39332659251769464,-7.78,-13.54,0.0,-19.78,92491,0.0226,0.0291,0.0318,0.0252,1.54,-2.73
237,2019-09-30,1270,1340,1304,1245,1650,1387,1065,1335,1301,1270,0.5025701858442072,-12.71,-6.62,-5.22,-25.29,63342,0.0216,0.0138,0.0316,0.0234,1.58,2.01
238,2019-10-31,1230,1295,1253,1220,1635,1374,1125,1240,1230,1220,-4.7682926829268295,-3.91,-13.38,0.0,0.82,49633,0.0209,0.0104,0.0283,0.0191,1.29,-3.15
239,2019-11-30,1375,1450,1358,1275,1625,1376,1125,1400,1385,1375,1.980582524271845,12.24,0.36,1.85,6.18,117942,0.021,0.0219,0.0216,0.0159,1.28,11.79
240,2019-12-31,1535,1580,1414,1340,1625,1380,1125,1580,1542,1470,1.3167192429022083,20.87,5.5,4.42,15.85,2591802,0.0215,0.0233,0.021,0.0194,1.39,11.64
241,2020-01-31,1560,1920,1648,1420,1920,1397,1125,1725,1655,1560,9.033670033670033,26.83,21.88,-9.57,2.97,420147,0.0277,0.051,0.0246,0.0342,1.25,1.63
242,2020-02-29,1490,1780,1665,1490,1920,1408,1125,1650,1569,1490,2.296829971181556,7.97,21.14,-15.1,3.47,5512503,0.0279,0.0299,0.0252,0.0362,1.26,-10.24
243,2020-03-31,1115,1550,1151,840,1920,1388,840,1115,1031,949,1.5191560244308715,-27.36,-12.2,23.34,-18.01,880706,0.0377,0.0638,0.0303,0.0497,0.8,-25.17
244,2020-04-30,1470,1470,1287,1105,1920,1375,840,1470,1374,1325,-3.347043701799486,-13.02,19.51,12.21,3.89,595143,0.0395,0.0281,0.0312,0.044,0.76,44.83
245,2020-05-31,1465,1515,1464,1415,1920,1381,840,1515,1490,1465,-0.24242424242424243,-1.68,6.55,1.03,6.93,333140,0.0392,0.0244,0.031,0.0423,0.49,-0.34
246,2020-06-30,1880,2120,1650,1350,2120,1400,840,1940,1871,1800,2.677165354330709,78.2,22.48,-11.32,29.21,3012236,0.05,0.0805,0.0381,0.0499,0.57,28.33
247,2020-07-31,2195,2195,1911,1770,2195,1447,840,2195,2021,1910,0.6899832120872971,49.32,40.71,12.56,71.48,7961104,0.0495,0.045,0.0396,0.0546,0.51,16.76
248,2020-08-31,2280,2310,2174,2005,2310,1525,840,2280,2177,2055,0.6691928305064357,55.63,53.02,12.59,83.13,4763122,0.0498,0.0364,0.0401,0.0568,0.55,3.87
249,2020-09-30,1935,2395,2080,1790,2395,1587,840,1935,1873,1790,0.15,7.5,90.64,1.84,50.0,354695,0.0455,0.0364,0.0411,0.0397,0.55,-12.64
250,2020-10-31,1970,2075,2014,1910,2395,1648,840,2020,1973,1910,0.008663156106675727,0.51,34.01,-3.19,58.87,253528,0.045,0.023,0.0416,0.0325,0.52,1.81
251,2020-11-30,2315,2335,2169,2000,2395,1718,840,2315,2197,2135,0.06597425394967817,4.51,58.02,4.75,68.36,1200263,0.0453,0.0271,0.042,0.0295,0.6,17.51
252,2020-12-31,2315,2430,2324,2195,2430,1794,840,2315,2279,2195,0.3865380830545168,19.64,23.14,5.47,50.81,315216,0.0326,0.021,0.0418,0.0237,0.61,0.0
253,2021-01-31,2625,3125,2949,2305,3125,1897,840,3090,2905,2625,0.5412976685342491,29.95,28.36,-13.79,55.33,968113,0.0414,0.0785,0.045,0.0488,0.52,13.88
254,2021-02-28,3080,3870,3038,2625,3870,2000,840,3485,3226,3080,0.4411134903640257,43.26,42.59,-6.67,98.07,4768624,0.0507,0.0839,0.0498,0.0658,0.59,1.65
255,2021-03-31,3415,3620,3346,2955,3870,2197,1105,3490,3404,3285,0.23036649214659688,47.52,76.49,1.04,206.28,3390548,0.0509,0.0389,0.0477,0.0682,0.59,10.88
256,2021-04-30,3480,3480,3342,3245,3870,2371,1350,3480,3401,3300,0.23820668470708697,32.57,76.65,2.96,136.73,6896805,0.0506,0.0166,0.0471,0.0526,0.49,1.9
257,2021-05-31,3870,3870,3485,3355,3870,2526,1350,3870,3556,3370,0.15625,25.65,67.17,15.01,164.16,3169610,0.051,0.0308,0.0476,0.0297,0.51,11.21
258,2021-06-30,4480,5500,4637,3950,5500,2787,1745,4700,4605,4480,0.2255242227042661,31.19,93.52,-5.29,138.3,2325115,0.0526,0.0778,0.0472,0.0486,0.63,23.76
259,2021-07-31,4095,4795,4433,4095,5500,3013,1790,4340,4237,4095,0.16221426604241257,17.67,56.0,-5.21,108.93,457686,0.0506,0.0212,0.0462,0.048,0.58,-8.59
260,2021-08-31,4680,5010,4495,4015,5500,3208,1790,4680,4620,4550,0.19884096522895686,20.93,51.95,0.54,105.26,1436885,0.0465,0.0677,0.0483,0.0599,0.9,14.29
261,2021-09-30,4585,5210,4696,4370,5500,3419,1910,4600,4556,4465,0.017086527929901424,2.34,34.26,4.92,136.95,1436828,0.0458,0.0269,0.0479,0.0432,0.92,0.77
262,2021-10-31,4740,4825,4550,4090,5500,3608,1955,4825,4762,4665,0.09550686966208688,12.86,37.19,2.05,134.65,2309987,0.0465,0.0327,0.0482,0.0454,0.76,4.64
263,2021-11-30,3690,5090,4427,3690,5500,3814,2195,4345,4081,3690,-0.3181818181818182,-18.9,1.93,-13.89,59.4,754739,0.0475,0.0266,0.0486,0.0306,1.067,-22.15
264,2021-12-31,3930,4135,4014,3920,5500,3956,2305,4030,3974,3930,-0.2048451834862385,-14.29,-12.28,-3.56,69.76,266055,0.0363,0.0148,0.0484,0.0268,1.437,6.5
265,2022-01-31,3365,4050,3623,3190,5500,4005,2625,3365,3276,3190,-1.4746031746031747,-27.87,-21.1,-2.46,18.9,562709,0.0368,0.0249,0.044,0.0235,1.277,-14.81
266,2022-02-28,3385,3560,3421,3190,5500,4037,2955,3485,3407,3335,-1.8818181818181816,-18.63,-27.44,-4.78,9.9,177285,0.0266,0.0269,0.0381,0.0222,1.39,0.59
267,2022-03-31,4355,4355,3619,3370,5500,4063,3190,4355,3891,3570,0.392662549945514,10.81,-5.02,19.48,27.53,10952393,0.0321,0.0507,0.0392,0.0357,1.454,28.66
268,2022-04-30,4375,4965,4359,4095,5500,4150,3190,4965,4540,4375,1.126924521216673,30.01,-7.7,0.69,26.63,9201570,0.0351,0.0497,0.0413,0.0432,1.53,22.55
269,2022-05-31,4120,4220,4078,3905,5500,4199,3190,4165,4125,4105,3.3606811145510838,21.71,11.65,0.61,6.46,901026,0.0342,0.0237,0.0409,0.0433,1.863,-5.83
270,2022-06-30,3375,4395,3824,3375,5210,4134,3190,3590,3508,3375,0.9047426023510335,-22.32,-14.12,-2.17,-24.67,340716,0.0361,0.031,0.0359,0.0356,2.337,-17.78
271,2022-07-31,3395,3395,3255,3110,5210,4033,3110,3395,3342,3300,1.1684924360980697,-22.4,0.89,3.66,-19.17,164940,0.0356,0.0212,0.0359,0.0255,2.341,-3.69
